file_name;key_repr
xortool_out/00.out;Dub7dy7eqd7fb0H2a0Rby7ew0dxu07e7fycu
xortool_out/01.out;Etc7cx7fpe7ec1I2b1Scx7fv1eyt17f7exbt
xortool_out/02.out;Fw607f7b7csf7d602J282P607b7cu2fzw27c7d7baw
xortool_out/03.out;Gva7ez7drg7ca3K293Qaz7dt3g7bv37d7cz60v
xortool_out/04.out;40qfy7dzu607bf4L2e4Vf7dzs4607cq4z7b7dgq
xortool_out/05.out;Apgx7c7btazg5M2f5Wg7c7br5a7dp57bz7cfp
xortool_out/06.out;Bsd7b7fxwbyd6N2c6Td7fxq6b7es6xy7fes
xortool_out/07.out;Crez7eyvcxe7O2d7Ue7eyp7c7fr7yx7edr
xortool_out/08.out;L7djuqvylwj840228Zjqv7f8lp7d8vwqk7d
xortool_out/09.out;M7cktpwxmvk9A2395bkpw7e9mq7c9wvpj7c
xortool_out/10.out;152432c282f2052e3a197ba033282f26a52924a2f2e28224
xortool_out/11.out;162702f2b2c2362d0b1axb0002b2c25b62a27b2c2d2b127
xortool_out/12.out;172612e2a2d2272c1c1byc0112a2d24c72b26c2d2c2a026
xortool_out/13.out;10216292d2a2502b6d1c7ed0662d2a23d02c21d2a2b2d721
xortool_out/14.out;11207282c2b2412a7e1d7fe0772c2b22e12d20e2b2a2c620
xortool_out/15.out;122342b2f28272294f1e7cf0442f2821f22e23f28292f523
xortool_out/16.out;132252a2e29263285g1f7dg0552e2920g32f22g29282e422
xortool_out/17.out;1c2d3a252126293c273ah10rh0a3a21262fh3c202dh2627213b2d
xortool_out/18.out;1d2c3b242027283d263bi11si0b3b20272ei3d212ci2726203a2c
xortool_out/19.out;1e2f82723242b3e258j12pj08823242dj3e222fj24252392f
xortool_out/20.out;1f2e92622252a3f249k13qk09922252ck3f232ek25242282e
xortool_out/21.out;18293e2125222d8233el14vl0e3e25222bl82429l2223253f29
xortool_out/22.out;19283f2024232c9223fm15wm0f3f24232am92528m2322243e28
xortool_out/23.out;1a2b3c2327202f3a213cn16tn0c3c272029n3a262bn2021273d2b
xortool_out/24.out;1b2a3d2226212e3b203do17uo0d3d262128o3b272ao2120263c2a
xortool_out/25.out;045223d93e1243f22p08jp122293e7p2485p3e3f9235
xortool_out/26.out;054233c83f0253e23q09kq132383f6q2594q3f3e8224
xortool_out/27.out;067203f3b3c3263d20r0ahr10203b3c5r263a7r3c3d3b217
xortool_out/28.out;076213e3a3d2273c21s0bis11213a3d4s273b6s3d3c3a206
xortool_out/29.out;0012693d3a5203b26t0cnt16263d3a3t203c1t3a3b3d271
xortool_out/30.out;0102783c3b4213a27u0dou17273c3b2u213d0u3b3a3c260
xortool_out/31.out;023243b3f8722924v0elv14243f81v223e3v893f253
xortool_out/32.out;032253a3e9623825w0fmw15253e90w233f2w983e242
xortool_out/33.out;0c3d2a51692c72ax00bx1a2a163fx2c03dx6712b3d
xortool_out/34.out;0d3c2b40782d62by01cy1b2b073ey2d13cy7602a3c
xortool_out/35.out;0e3f287343b2e528z0260z1828343dz2e23fz453293f
xortool_out/36.out;504130c080f00150e13A95bA2313080f06A150904A0f0e081204
xortool_out/37.out;607100f0b0c03160d10B3aXB20100b0c05B160a07B0c0d0b1107
xortool_out/38.out;706110e0a0d02170c11C3bYC21110a0d04C170b06C0d0c0a1006
xortool_out/39.out;00116090d0a05100b16D3c5eD26160d0a03D100c01D0a0b0d1701
xortool_out/40.out;10017080c0b04110a17E3d5fE27170c0b02E110d00E0b0a0c1600
xortool_out/41.out;203140b0f0807120914F3e5cF24140f0801F120e03F08090f1503
xortool_out/42.out;302150a0e0906130815G3f5dG25150e0900G130f02G09080e1402
xortool_out/43.out;3c0d1a050106091c071aH0RH2a1a01060fH1c000dH0607011b0d
xortool_out/44.out;3d0c1b040007081d061bI1SI2b1b00070eI1d010cI0706001a0c
xortool_out/45.out;3e0f180703040b1e0518J2PJ281803040dJ1e020fJ040503190f
xortool_out/46.out;3f0e190602050a1f0419K3QK291902050cK1f030eK050402180e
xortool_out/47.out;8091e0105020d18031eL4VL2e1e05020bL180409L0203051f09
xortool_out/48.out;9081f0004030c19021fM5WM2f1f04030aM190508M0302041e08
xortool_out/49.out;3a0b1c0307000f1a011cN6TN2c1c070009N1a060bN0001071d0b
xortool_out/50.out;3b0a1d0206010e1b001dO7UO2d1d060108O1b070aO0100061c0a
xortool_out/51.out;2415021d191e11041f02P28JP202191e17P041815P1e1f190315
xortool_out/52.out;2514031c181f10051e03Q29KQ303181f16Q051914Q1f1e180214
xortool_out/53.out;2617001f1b1c13061d00R2aHR0001b1c15R061a17R1c1d1b0117
xortool_out/54.out;2716011e1a1d12071c01S2bIS1011a1d14S071b16S1d1c1a0016
xortool_out/55.out;201106191d1a15001b06T2cNT6061d1a13T001c11T1a1b1d0711
xortool_out/56.out;211007181c1b14011a07U2dOU7071c1b12U011d10U1b1a1c0610
xortool_out/57.out;2213041b1f1817021904V2eLV4041f1811V021e13V18191f0513
xortool_out/58.out;2312051a1e1916031805W2fMW5051e1910W031f12W19181e0412
xortool_out/59.out;2c1d0a151116190c170aX20BX3a0a11161fX0c101dX1617110b1d
xortool_out/60.out;2d1c0b141017180d160bY21CY3b0b10171eY0d111cY1716100a1c
xortool_out/61.out;2e1f081713141b0e1508Z2240Z80813141dZ0e121fZ141513091f
xortool_out/62.out;Udslho60uns21Y3b21Cshof21uid21onhrd
xortool_out/63.out;Vgpoklcvmp22Z82240pkle22vjg22lmkqg
xortool_out/64.out;Wfqnjmbwlq235b923Aqjmd23wkf23mljpf
xortool_out/65.out;Pavimjepkv245c3e24Fvmjc24pla24jkmwa
xortool_out/66.out;Q60whlkdqjw255d3f25Gwlkb25qm6025kjlv60
xortool_out/67.out;Rctkohgrit265e3c26Dtoha26rnc26hiouc
xortool_out/68.out;Sbujnifshu275f3d27Euni6027sob27ihntb
xortool_out/69.out;5cmzeafi7cgz28P228Jzafo287c60m28fga7bm
xortool_out/70.out;5dl7bd60gh7df7b29Q329K7b60gn297dal29gf60zl
xortool_out/71.out;5eoxgcdk7eex2aR02aHxcdm2a7ebo2adecyo
xortool_out/72.out;5fnyfbej7fdy2bS12bIybel2b7fcn2bedbxn
xortool_out/73.out;Xi7eaebmxc7e2cT62cN7eebk2cxdi2cbce7fi
xortool_out/74.out;Yh7f60dclyb7f2dU72dO7fdcj2dyeh2dcbd7eh
xortool_out/75.out;Zk7ccg60oza7c2eV42eL7cg60i2ezfk2e60ag7dk
xortool_out/76.out;5bj7dbfan7b607d2fW52fM7dfah2f7bgj2fa60f7cj
xortool_out/77.out;N7fhwst7bnuh3aB203aXhst7d3anr7f3atusi7f
xortool_out/78.out;O7eivruzoti3bC213bYiru7c3bos7e3butrh7e
xortool_out/79.out;Hynqur7dhsn3cD263c5enur7b3chty3crsuoy
xortool_out/80.out;Ixopts7ciro3dE273d5fotsz3diux3dsrtnx
xortool_out/81.out;J7blswp7fjql3eF243e5clwpy3ejv7b3epqwm7b
xortool_out/82.out;Kzmrvq7ekpm3fG253f5dmvqx3fkwz3fqpvlz
xortool_out/83.out;405120d090e01140f12408Z402212090e0740140805400e0f091305
xortool_out/84.out;2f1e091612151a0f14095b23A5b90912151c5b0f131e5b151412081e
xortool_out/85.out;28190e1115121d08130e5c24F5c3e0e15121b5c0814195c1213150f19
xortool_out/86.out;29180f1014131c09120f5d25G5d3f0f14131a5d0915185d1312140e18
xortool_out/87.out;2a1b0c1317101f0a110c5e26D5e3c0c1710195e0a161b5e1011170d1b
xortool_out/88.out;2b1a0d1216111e0b100d5f27E5f3d0d1611185f0b171a5f1110160c1a
xortool_out/89.out;142522d292e2142f26018z60022292e276042825602e2f29325
xortool_out/90.out;0f3e296253a2f4297b03a7b1929253c7b2f33e7b542283e
xortool_out/91.out;0892e1523d2832e7c04f7c1e2e523b7c28497c2352f9
xortool_out/92.out;0982f0433c2922f7d05g7d1f2f433a7d29587d3242e8
xortool_out/93.out;0a3b2c3703f2a12c7e06d7e1c2c7097e2a63b7e0172d3b
xortool_out/94.out;Terminator20X3a20Bring20the20noise
xortool_out/95.out;7dL5bD40GH5dF5b09q1309k5b40GN095dAL09GF40ZL
xortool_out/96.out;7eOXGCDK5eEX0ar100ahXCDM0a5eBO0aDECYO
xortool_out/97.out;yH5f40DCLYB5f0du170do5fDCJ0dYEH0dCBD5eH
xortool_out/98.out;7fNYFBEJ5fDY0bs110biYBEL0b5fCN0bEDBXN
xortool_out/99.out;xI5eAEBMXC5e0ct160cn5eEBK0cXDI0cBCE5fI
